ID;Tag;Kategória;Štúdium;Autor;Otázka;Obmena 1;Obmena 2;Obmena 3;Obmena 4;Odpoveď 1;Odpoveď 2;Odpoveď 3
29;;Akademický rok;BID;JO;Kedy je začiatok akademického roku?;Kedy začína akademický rok?;;;;Začiatok akademického roku 2022/23 je 1.9.2022;Odpoveď je možná nájsť na linku: https://www.fri.uniza.sk/calendar?year=2022&section=E;
30;;Akademický rok;BID;JO;Kedy je koniec akademického roku?;Kedy končí akademický rok?;;;;Koniec akademického roku 2022/23 je 31.8.2023;Odpoveď je možná nájsť na linku: https://www.fri.uniza.sk/calendar?year=2022&section=E;
19;;Akcie;BID;JO, JK, AP;Aké akcie je možné nájsť na FRI počas roku?;Sú na FRI študentské akcie?;Aké sú možnosti kultúrneho vyžitia študentov?;Aké akcie sa dejú na FRI?;Aké sú voľnočasové aktivity na FRI? ;Ako študent na FRI máte prístup k mnohým študentským akciam ako napríklad Fričkovica, FRI ples, FRI punč a mnoho ďalších.;Akcie ako Fričkovica, FRI ples by vas mohli zaújmať.;
20;;Akcie;BID;JO, AP;Čo je to FRIčkovica?;;;;;Jesenné podujatie kde je občerstvenie a ako aj možnosť sa porozprávať so spolužiakmi a inými zaujmavimi ľudmi;;
21;;Akcie;BID;JO;Čo je to IT Trhovisko?;;;;;Prezentácia firiem ktoré by mali záujem o budúcu spoluprácu so študentami.;;
22;;Akcie;BID;JO, AP;Čo je to beh Jeana de Mijona?;;;;;;;
40;;Akcie;BID;JO, AP;Kedy je deň otvorených dverí?;Kedy sa koná Deň otvorených dverí? ;;;;Ďen otverných dveri v roku 2021/22 bol dňa 17.2.2022, dátum pre rok 2022/23 ešte nebol rozhodnutý.;;
166;;Akcie;;JO, AP;Čo je to FRIFest?;;;;;;;
169;;Akcie;;JO;Má FRI deň otvorených dverí?;;;;;Áno.;;
170;;Akcie;;JO, AP;Čo je to panel story?;;;;;Prezentácia študentských projektov pre verejnosť.;;
171;;Akcie;BID;JK;Ako sa dostanem na letnú školu programovania?;;;;;;;
252;;Akcie;;JK;Chodí sa vrámci fakulty na spoločný výlet?;Je možnosť ísť na spoločný výlet vrámci fakulty?;;;;Áno.;;
389;;Akcie;;AP;Kedy je FriFest?;;;;;;;
390;;Akcie;;AP;Kedy je beh Jeana de Mijona?;;;;;;;
431;;Akcie;;AP;Kedy sa koná FRIčkovica?;;;;;;;
432;;Akcie;;AP;Čo je to FRI ples?;;;;;Ples organizovaný fakultou FRI pre študentov.;;
433;;Akcie;;AP;Kedy sa koná FRI ples?;;;;;;;
403;;Dekanát;;AP;Kto je dekan?;Aké je meno dekana fakulty?;;;;doc. Ing. Emil Kršák, PhD;;
404;;Dekanát;;AP;Kto je prodekan pre vzdelávanie?;Ako sa volá prodekan pre vzdelávanie?;;;;doc. Ing. Viliam Lendel, PhD;;
405;;Dekanát;;AP;Kto je prodekan pre vedu a výskum?;;;;;doc. Ing. Michal Koháni, PhD;;
406;;Dekanát;;AP;Kto je prodekan pre zahraničné vzťahy?;;;;;doc. Ing. Peter Márton, PhD;;
167;;Erazmus;;JO;Ako je možné zapojiť sa do programu Erasmus? ;Ako sa viem zapojiť do programu Erasmus?;;;;;;
168;;Erazmus;;JO;Je možné sa na FRI zapojiť do programu Erasmus? ;;;;;Áno, bližšie informácie je možné nájsť na linku: https://www.fri.uniza.sk/stranka/aktualne-informacie-erasmus;;
191;;Erazmus;;JK, AP;Koho mám kontaktovať ak chcem vycestovať v rámci študentského programu erazmus?;Kto mi pomôže s ERAZMUS+?;;;;doc. Ing. Peter Márton, PhD;;
287;;Erazmus;;JK, AP;Aké možnosti Erasmu ponúka FRI?;Aké sú možnosti ERAZMU?;;;;FRI ponúka možnosť íst viac krát na erasmus ale celková doba na erasme nemôže presiahnúť 1 rok. ;Študenti môžu ísť aj počast zimného aj letného semestra na erasmus.;
144;;Internát;;JO;Kde sa nachádzajú internáty?;Kde sú internáty?;Kde sú intráky?;;;Adresa pre internát velký diel: Žilinská univerzita, Ubytovacie Zariadenie Veľký Diel Vysokoškolákov 20 010 08 Žilina. Adresa pre internát hliny: ulica, Hlinská, 010 01 Žilina.;Adresy môžete nájsť na linku: https://www.iklub.sk/?q=ubytko;
77;;ISIC;;JO;Kde dostanem preukaz študenta?;Kde dostanem ISIC?;;;;Preukaz si môžete vyzdvihnúť na rektoráte.;;
78;;ISIC;;JO;Kedy dostanem preukaz študenta?;Kedy dostanem ISIC?;;;;Od septembra je potrebné si zaplatiť za ISIC a následne si ho budete môcť vyzdvihnúť;;
79;;ISIC;;JO, AP;Aký vysoký je poplatok za preukaz študenta?;Koľko stojí ISIC?;;;;Cena záleží od požiadaviek študenta.;;
126;;ISIC;;JO;Je možné používať kartu ISIC aj v MHD?;;;;;Áno.;Do veku 26 je možné využívať ISIC v MHD.;
127;;ISIC;;JO;Je možné používať kartu ISIC v SAD?;;;;;Áno.;Do veku 26 je možné využívať ISIC v SAD.;
128;;ISIC;;JO;Je možné používať kartu ISIC vo vlaku?;;;;;Áno.;Do veku 26 je možné využívať ISIC vo vlaku.;
158;;ISIC;;JO, JK;Kde je možné znovu aktivovať preukaz ISIC?;Kde si môžem aktivovať ISIC kartu?;;;;Na stránke e-many a následne na rektoráte.;;
159;;ISIC;;JO;Je možné znovu aktivovať preukat ISIC?;;;;;Áno.;;
179;;ISIC;;JK;Kde si môžem predĺžiť ISIC kartu? ;Kde viem predĺžiť ISIC?;;;;Na stránke e-many a následne na rektoráte.;;
306;;ISIC;;JK;Pomýlil som sa pri vypisovaní ISIC údajov, je možné ich zmeniť?;Viem zmeniť údaje, ktoré som zadal do ISIC? ;;;;Áno. ;;
307;;ISIC;;JK;Je možné chodiť na fri aj bez ISIC karty?;;;;;Nepravdepodobne.;Nie.;
308;;ISIC;;JK;Ak nemám predĺženú ISIC kartu, je možné chodiť do školy?;;;;;;;
399;;ISIC;;AP;Kde si vybavím ISIC?;;;;;;;
400;;ISIC;;AP;Do kedy je možné predĺžiť si ISIC?;;;;;;;
59;;Katedra;BID;JO;Aké katedry sa nachádzajú na FRI?;Aké ma FRI katedry?;;;;;;
60;;Katedra;BID;JO;Kde nájdem katedru informatiky?;Kde je KI?;;;;;;
61;;Katedra;BID;JO;Kde nájdem katedru informačných sietí?;Kde je KIS?;;;;;;
62;;Katedra;BID;JO;Kde nájdem katedru makro a mikroekonomiky?;Kde je KMME?;;;;;;
63;;Katedra;BID;JO;Kde nájdem katedru matematických metód a operačnej analýze?;Kde je frdsa?;;;;;;
64;;Katedra;BID;JO;Kde nájdem katedru manažerských teórií?;;;;;;;
65;;Katedra;BID;JO;Kde nájdem katedru softvérových technológií;;;;;;;
66;;Katedra;BID;JO;Kde nájdem katedru technickej kybernetiky?;;;;;;;
1;;Kredity;B;JO, AP;Aký je minimálny počet kreditov na opakovanie prvého ročníka bakalárskeho štúdia?;Koľko kreditov potrebujem na zápis do rovnakého ročníka v prvom ročníku na bakalarskom štúdiu?;;;;;;
2;;Kredity;B;JO, AP;Aký je minimálny počet kreditov na opakovanie druhého ročníka bakalárskeho štúdia?;Koľko kreditov potrebujem na zápis do rovnakého ročníka v druhom ročníku  na bakalarskom štúdiu?;;;;;;
3;;Kredity;B;JO, AP;Aký je minimálny počet kreditov na opakovanie tretieho ročníka bakalárskeho štúdia?;Koľko kreditov potrebujem na zápis do rovnakého ročníka v treťom ročníku  na bakalarskom štúdiu?;;;;;;
4;;Kredity;B;JO, AP;Koľko kreditov potrebujem pri študijnom programe Informatika z povinne voliteľných predmetov?;Aký je minimálny počet kreditov za povinne voliteľné predmety v študijnom programe informatika?;;;;;;
5;;Kredity;B;JO, AP;Koľko kreditov potrebujem pri študijnom programe Manažment z povinne voliteľných predmetov?;Aký je minimálny počet kreditov za povinne voliteľné predmety v študijnom programe manažment?;;;;;;
6;;Kredity;B, I;JO, AP;Koľko kreditov potrebujem pri študijnom programe Počítačové inžinierstvo z povinne voliteľných predmetov?;Aký je minimálny počet kreditov za povinne voliteľné predmety v študijnom programe počítačové inžinierstvo?;;;;;;
7;;Kredity;B;JO;Aký je odporúčaný počet kreditov na opakovanie prvého ročníka bakalárskeho štúdia?;;;;;;;
8;;Kredity;B;JO;Aký je odporúčaný počet kreditov na opakovanie druhého ročníka bakalárskeho štúdia?;;;;;;;
9;;Kredity;B;JO, AP;Aký je minimálny počet kreditov na uzavretie bakalárskeho štúdia?;Koľko kreditov potrebujem na ukončenie bakalárskeho štúdia?;;;;;;
185;;Kredity;;JK;Koľko kreditov potrebujem pre opätovné zapísanie do toho istého ročníka?;;;;;;;
186;;Kredity;;JK;Koľko kreditov potrebujem pre zapísanie do vyššieho ročníka?;;;;;;;
187;;Kredity;;JK;Koľko kreditov potrebujem pre uzatvorenie štúdia?;;;;;;;
208;;Kredity;;JK, AP;Koľko kreditov potrebujem z povinne voliteľných predmetov?;;;;;;;
209;;Kredity;;JK;Sú nutné kredity aj z volitelných predmetov?;;;;;;;
371;;Kredity;;AP;Koľko kreditov potrebujem na zápis do vyššieho ročníka v prvom ročníku na bakalarskom štúdiu?;;;;;;;
372;;Kredity;;AP;Koľko kreditov potrebujem na zápis do vyššieho ročníka v druhom ročníku  na bakalarskom štúdiu?;;;;;;;
373;;Kredity;;AP;Koľko kreditov potrebujem na zápis do vyššieho ročníka v prvom ročníku na inžinierskom štúdiu?;;;;;;;
374;;Kredity;;AP;Koľko kreditov potrebujem na zápis do rovnakého ročníka v prvom ročníku na inžinierskom štúdiu?;;;;;;;
375;;Kredity;;AP;Koľko kreditov potrebujem na zápis do rovnakého ročníka v druhom ročníku na inžinierskom štúdiu?;;;;;;;
376;;Kredity;;AP;Koľko kreditov potrebujem na ukončenie inžinierského štúdia?;;;;;;;
377;;Kredity;I;AP;Aký je minimálny počet kreditov za povinne voliteľné predmety v študijnom programe informačné systémy?;;;;;;;
378;;Kredity;I;AP;Aký je minimálny počet kreditov za povinne voliteľné predmety v študijnom programe informačný manažment?;;;;;;;
379;;Kredity;I, D;AP;Aký je minimálny počet kreditov za povinne voliteľné predmety v študijnom programe inteligentné informačné systémy?;;;;;;;
380;;Kredity;I;AP;Aký je minimálny počet kreditov za povinne voliteľné predmety v študijnom programe aplikované sieťové inžinierstvo?;;;;;;;
381;;Kredity;D;AP;Aký je minimálny počet kreditov za povinne voliteľné predmety v študijnom programe aplikovaná informatika?;;;;;;;
382;;Kredity;D;AP;Aký je minimálny počet kreditov za povinne voliteľné predmety v študijnom programe manažment?;;;;;;;
80;;Miestnosť;;JO, JK;Kde nájdem študíjny referát?;Kde sa nachádza štúdijný referát?;;;;;;
96;;Miestnosť;;JO, AP;Aké číslo dverí má ...;Kde nájdem učiteľa...;Kde nájdem profesora...;;;;;
104;;Miestnosť;;JO;Ako je možné zarezervovať si miestnosť?;Ako si viem rezervovať miestnosť?;;;;;;
105;;Miestnosť;;JO;Kde nájdem rezerváciu miestností?;;;;;;;
190;;Miestnosť;;JK;Chcem ísť za pánom prodekanom. V ktorej miestnosti by som ho vedel nájsť? ;Kde nájdem pána prodekana?;;;;;;
204;;Miestnosť;;JK;Kde sa nachádza chill zóna na FRI?;Kde je chill zóna?;;;;;;
424;;Miestnosť;;AP;Kde sa nachádza miestnosť ...;;;;;;;
43;;O škole;BID;JO, AP;V aký rok vznikla FRI?;Kedy vznikla FRI?;;;;;;
44;;O škole;BID;JO, AP;V aký rok vznikla UNIZA?;Kedy vznikla UNIZA?;;;;;;
92;;O škole;;JO;Aká je webová stránka UNIZA?;;;;;;;
93;;O škole;;JO;Aká je webová stránka FRI?;;;;;;;
95;;O škole;;JO;Aké je telefonné číslo na vrátnicu?;;;;;;;
112;;O škole;;JK, JO;Viem niekde nájsť plány budovy?;Kde nájdem mapu FRI?;;;;;;
113;;O škole;;JO;Kde nájdem mapu UNIZA?;;;;;;;
174;;O škole;;JK;Nachádza sa na FRI bezbariérový prístup?;;;;;;;
246;;O škole;;JK;Má FRI aj vysunuté pracovisko alebo iba v Žiline?;;;;;;;
256;;O škole;;JK;Kde nájdem FRI?;;;;;;;
305;;O škole;;JK;Aká je presná adresa FRI?;;;;;;;
392;;O škole;;AP;Čo znamená skratka FRI?;;;;;;;
173;;Parkovanie;;JK;Je parkovné na FRI prepojené s parkovným na internátoch? ;;;;;;;
310;;Parkovanie;;JK;Rampa na FRI parkovisku ma nechce pustiť, koho mám kontaktovať?;;;;;;;
387;;Parkovanie;;AP;Koľko stojí parkovné?;;;;;;;
69;;Poplatky;;JO;Aká je výška školného pri prekročení dĺžky štúdia na 1 stupni denneho štúdia?;;;;;;;
70;;Poplatky;;JO;Aká je výška školného pri prekročení dĺžky štúdia na 2 stupni denneho štúdia?;;;;;;;
71;;Poplatky;;JO;Aká je výška školného pri prekročení dĺžky štúdia na 3 stupni denneho štúdia?;;;;;;;
72;;Poplatky;;JO;Aká je výška školného pri prekročení dĺžky štúdia na 1 stupni externého štúdia?;;;;;;;
73;;Poplatky;;JO;Aká je výška školného pri prekročení dĺžky štúdia na 2 stupni externého štúdia?;;;;;;;
74;;Poplatky;;JO;Aká je výška školného pri prekročení dĺžky štúdia na 3 stupni externého štúdia?;;;;;;;
75;;Poplatky;;JO;Môžem dostať úľavu od školného?;;;;;;;
76;;Poplatky;;JO, AP;Aké sú podmienky pre úľavu školného?;Ako môžem získať úľavu na školné?;;;;;;
139;;Poplatky;;JO;Aká je výška poplatku za prihlášku?;;;;;;;
140;;Poplatky;;JO;Je za prihlášku na štúdium poplatok?;;;;;;;
141;;Poplatky;;JO;Na aký účet je potrebné odoslať poplatok za prihlášku?;;;;;;;
215;;Poplatky;;JK;Koľko stojí nová prihláška?;;;;;;;
263;;Poplatky;;JK, AP;Koľko stojí predĺženie štandartného štúdia?;Koľko sa platí za medziročník?;;;;;;
280;;Poplatky;;JK;Som opakujúci študent, chcel by som sa informovať o výške školného?;;;;;;;
309;;Poplatky;;JK;Kedy sa zase bude zvyšovať školné?;;;;;;;
385;;Poplatky;;AP;Aký je poplatok za prijímačky?;;;;;;;
386;;Poplatky;;AP;Platia sa nejaké poplatky?;;;;;;;
438;;Poplatky;;AP;Koľko stojí externé štúdium?;;;;;;;
441;;Poplatky;;AP;Koľko stojí internát?;;;;;;;
129;;Prax;;JO, AP;Je možné absolvovať predmet prax na fakulte?;Môžem absolvovať prax aj na fakulte?;;;;;;
130;;Prax;;JO;Koľko je minimálny počet hodín praxe?;;;;;;;
131;;Prax;;JO;Je možné použiť prax ako bakalársku prácu?;;;;;;;
132;;Prax;;JO;Je možné použiť prax ako diplomovú prácu?;;;;;;;
133;;Prax;;JO;Je možné použiť prax ako dizertačnú prácu?;;;;;;;
194;;Prax;;JK, AP;Je možné uznať prax aj z iného odvedvia ako študujem?;Musí byť prax v rámci odboru?;;;;;;
278;;Prax;;JK;Na praxi som odpracoval menej ako 150 hodín, dá sa uznať aj takáto prax ? Prípadne na horšiu známku? ;;;;;;;
341;;Prax;;JK;Je možné absolvovať predmet odborná prax v študentskej organizácií?;;;;;;;
342;;Prax;;JK;Ak je možné absolvovať predmet odborná prax v študentskej organizácií, za akých podmienok je to možné?;;;;;;;
444;;Prax;;AP;Kde odporúčate vykonávať prax?;;;;;;;
53;;Predmet;BID;JO;Čo sú to povinné predmety?;;;;;;;
54;;Predmet;BID;JO;Čo sú to povinne voliteľné predmety?;;;;;;;
55;;Predmet;BID;JO;Čo sú to voliteľné predmety?;;;;;;;
122;;Predmet;;JO;Aká je maximálna dĺžka platnosti známky z predmetu?;;;;;;;
123;;Predmet;;JO;Je možné uznať predmety po prechode z inej fakulty?;;;;;;;
124;;Predmet;;JO;Je možné uznať predmety po prechode z inej Vysokej Školy?;;;;;;;
149;;Predmet;;JO;Kde nájdem predmety programu Informatika?;;;;;;;
150;;Predmet;;JO;Kde nájdem predmety programu Manažment?;;;;;;;
151;;Predmet;;JO;Kde nájdem predmety programu Počítačové Inžinierstvo?;;;;;;;
152;;Predmet;;JO;Kde nájdem predmety programu Biomedicínske inžinierstvo?;;;;;;;
153;;Predmet;;JO;Kde nájdem predmety programu Inteligentné informačné systémy?;;;;;;;
154;;Predmet;;JO;Kde nájdem predmety programu Informačné systémy?;;;;;;;
155;;Predmet;;JO;Kde nájdem predmety programu Informačný manažment?;;;;;;;
156;;Predmet;;JO;Kde nájdem predmety programu Aplikované sieťové inžinierstvo.;;;;;;;
157;;Predmet;;JO;Rátajú sa mi predmety ako povinne voliteľné v prípade, že ich nemám vo svojom odbore?;;;;;;;
172;;Predmet;;JK;Ako dlho od absolvovania predmetu je možné ho uznať?;;;;;;;
189;;Predmet;;JK;Môžem si zapísať predmety aj z iného odboru? napr. Manažmentu. Ak áno budú sa mi aj ich povinne voliteľné rátať u nás na odbore?;;;;;;;
192;;Predmet;;JK;Prichádzam z FIIT, ako mám postupovať pri uznávaní predmetov?;;;;;;;
193;;Predmet;;JK;Chcel by som si počas začatého ročníka prihlásiť predmety, je to možné? ;;;;;;;
195;;Predmet;;JK;Je možné odpísať si predmet na začiatku nového ročníka? prípadne bakalársku prácu.;;;;;;;
203;;Predmet;;JK;V rozvrhu sa mi nezobrazujú predmety, ako mám postupovať?;;;;;;;
277;;Predmet;;JK;Je možné uznať predmety aj po viac ako 3 rokoch od absolvovania skúšky?;;;;;;;
299;;Predmet;;JK;Kde nájdem vypísané predmety po novej akreditácií?;;;;;;;
311;;Predmet;;JK;Na Teamse sa mi zobrazujú predmety, ktoré som už absolvoval, čo s tým mám robiť?;;;;;;;
312;;Predmet;;JK;Na Teamse sa mi nezobrazujú predmety, ktoré mám zapísané, viete mi ich tam dokliknúť?;;;;;;;
313;;Predmet;;JK;Na Teamse sa mi zobrazujú predmety z minulých rokov, viete mi ich odpísať?;;;;;;;
314;;Predmet;;JK;Na Teamse sa mi zobrazujú bakalárske predmety, čo s tým mám robiť?;;;;;;;
388;;Predmet;;AP;Aký výber predmetov mám?;;;;;;;
39;;Prijímačky;;JO, AP, JK;Kedy je príjmacie konanie?;Kedy sú prijímačky?;Kedy budú prebiehať prijímačky na FRI?;;;;;
200;;Prijímačky;;JK;Kde nájdem informácie o prijímacom konaní?;;;;;;;
225;;Prijímačky;;JK;Kde sa môžem prihlásiť na prípravný kurz ku prijímačkám na FRI?;;;;;;;
275;;Prijímačky;;JK;Aké sú podmienky prijatia na bakalárske štúdium bez prijímačiek?;;;;;;;
276;;Prijímačky;;JK;Aké sú podmienky prijatia na inžinierske štúdium programu x bez prijímačiek?;;;;;;;
291;;Prijímačky;;JK;Čo všetko si treba priniesť na prijímačky?;;;;;;;
292;;Prijímačky;;JK, AP;Kde nájdem výsledky prijímačiek?;Kde nájdem výsledky prijímacieho konania?;;;;;;
326;;Prijímačky;;JK;Ako prebieha prijímacie konanie na univerzite?;;;;;;;
343;;Prijímačky;;JK;Aké sú podmienky pre prijatie na doktorantské štúdium?;;;;;;;
359;;Prijímačky;;JK;Ako sa odvolať voči rozhodnutiu o prijatí na štúdium?;;;;;;;
428;;Prijímačky;;AP;Aké sú podmienky prijatia bez prijímačiek?;;;;;;;
430;;Prijímačky;;AP;Aké testy môžem očakávať na prijímačkach?;;;;;;;
98;;Projekt;;JO, JK;Kde môžem nájsť projekty inžinierského štúdia?;Kde nájdem vypísané inžinierske projekty?;;;;;;
99;;Projekt;;JO;Kde môžem nájsť projekty bakalárskeho štúdia?;;;;;;;
100;;Projekt;;JO;Kde môžem nájsť projekty doktorantského štúdia?;;;;;;;
298;;Projekt;;JK;Nebaví ma inžiniersky projekt je možné ho zmeniť?;;;;;;;
422;;Projekt;;AP;Ako si vyberiem projekt na inžinierskom štúdiu?;;;;;;;
23;;Semester;BID;JO, AP;Kedy je začiatok letného semestra?;Kedy začína letný semester?;;;;;;
24;;Semester;BID;JO, AP;Kedy je koniec letného semestra?;Kedy končí letný semester?;;;;;;
25;;Semester;BID;JO, AP;Kedy je začiatok zimného semestra?;Kedy začína zimný semester?;;;;;;
26;;Semester;BID;JO, AP;Kedy je koniec zimného semestra?;Kedy končí zimný semester?;;;;;;
27;;Skúškové obdobie;BID;JO, AP;Kedy je koniec letného skúškového obdobia?;Kedy končí skúškové obdobie letného semestra?;;;;;;
28;;Skúškové obdobie;BID;JO, AP;Kedy je koniec zimného skúškového obdobie?;Kedy končí skúškové obdobie zimného semestra?;;;;;;
258;;Skúškové obdobie;;JK;Kedy končí skúškové obdobie?;;;;;;;
259;;Skúškové obdobie;;JK;Kedy začína skúškové obdobie?;;;;;;;
369;;Skúškové obdobie;;AP;Kedy začína skúškové obdobie letného semestra?;;;;;;;
370;;Skúškové obdobie;;AP;Kedy začína skúškové obdobie zimného semestra?;;;;;;;
391;;Skúškové obdobie;;AP;Kedy je skúškové obdobie?;;;;;;;
145;;Stravovanie;;JO;Kde je možný výdaj obedov?;;;;;;;
146;;Stravovanie;;JO;Je možný výdaj jedla aj na fakulte, na ktorú nechodím?;;;;;;;
147;;Stravovanie;;JO;Je možný výdaj jedla na Novej Menze, aj keď nebývam na internátoch?;;;;;;;
148;;Stravovanie;;JO;Je možný výdaj jedla na Starej Menze, aj keď nebývam na internátoch?;;;;;;;
175;;Stravovanie;;JK;Ako funguje stravovanie v bufete na FRI? ;;;;;;;
176;;Stravovanie;;JK;Treba si jedlo dopredu objednávať v bufete na FRI? ;;;;;;;
383;;Stravovanie;;AP;Ako sa dá stravovať na FRI?;;;;;;;
384;;Stravovanie;;AP;Do ktorej je otvorený bufet?;;;;;;;
442;;Stravovanie;;AP;Koľko stojí jedlo?;;;;;;;
13;;Štátna skúška;B;JO, AP;Z čoho sa skladá štátna skúška bakalárskeho štúdia?;Aké okruhy budú na štátnej skúške bakalárskeho štúdia?;;;;;;
14;;Štátna skúška;I;JO, AP;Z čoho sa skladá štátna skúška inžinierskeho štúdia?;Aké okruhy budú na štátnej skúške inžinierského štúdia?;;;;;;
15;;Štátna skúška;D;JO, AP;Z čoho sa skladá štátna skúška doktorantského štúdia?;Aké okruhy budú na štátnej skúške doktorandského štúdia?;;;;;;
417;;Štátna skúška;;AP;Ako prebieha štatna skúška na bakalárskom štúdiu?;;;;;;;
418;;Štátna skúška;;AP;Ako prebieha štatna skúška na inžinierskom štúdiu?;;;;;;;
16;;Štipendium;BID;JO;V aký dátum je vyplácané odborové štipendium?;;;;;;;
17;;Štipendium;BID;JO;V aký dátum je vyplácané sociálne štipendium?;;;;;;;
68;;Štipendium;BID;JO, AP;Aké formy štipendia je možné získať?;Aké štipendium môžem získať?;;;;Motivačné(odborové, prospechové, mimoriadne),  sociálne, tehotenské;;
162;;Štipendium;;JO;Aké sú podmienky pre získanie odborového štipendia?;;;;;;;
163;;Štipendium;;JO;Aké sú podmienky pre získanie sociálneho štipendia?;;;;;;;
164;;Štipendium;;JO;Aké sú podmienky pre získanie prospechového štipendia?;;;;;;;
165;;Štipendium;;JO;Aké sú podmienky pre získanie tehotenského štipendia?;;;;;;;
226;;Štipendium;;JK;Ako môžem získať prospechové štipendium?;;;;;;;
227;;Štipendium;;JK;Ako môžem získať sociálne štipendium?;;;;;;;
228;;Štipendium;;JK;Ako môžem získať odborové štipendium?;;;;;;;
229;;Štipendium;;JK;Ako môžem získať fakultné štipendium?;;;;;;;
333;;Štipendium;;JK;Akým spôsobom študent môže získať výnimočné štipendium?;;;;;;;
334;;Štipendium;;JK;Aká je maximálna možná suma výnimočného štipendia?;;;;;;;
335;;Štipendium;;JK;Aká je maximálna možná suma prospechové štipendia?;;;;;;;
336;;Štipendium;;JK;Aká je maximálna možná suma sociálne štipendia?;;;;;;;
337;;Štipendium;;JK;Aká je maximálna možná suma fakultné štipendia?;;;;;;;
338;;Štipendium;;JK;Aká je maximálna možná suma odborové štipendia?;;;;;;;
339;;Štipendium;;JK;Aká je maximálna možná suma tehotenského štipendia?;;;;;"Výška tehotenského štipendia je 200 eur mesačne. Vláda môže ustanoviť nariadením inú
výšku tehotenského štipendia. ";;
340;;Štipendium;;JK;Ako môžem získať tehotenské štipendium?;;;;;https://www.uniza.sk/images/pdf/stipendia/tehotenske/30032021_Postup-pri-podani-ziadosti-o-tehotenske-stipendium.pdf;;
393;;Štipendium;;AP;Aké sú podmienky získania štipendia?;;;;;;;
10;;Študijné programy;I;JO;Aké sú inžinierské študíjne programy?;;;;;"Informačné systémy, Inteligentné informačné systémy, Biomedicínska informatika, Aplikované sieťové inžinierstvo, Informačný manažment, Počítačové inžinierstvo
Viac info tu:  https://www.fri.uniza.sk/stranka/ponukane-inzinierske-studijne-programy";;
11;;Študijné programy;B;JO;Aké sú bakalárske študíjne programy?;;;;;"Informatika, Informatika a riadenie, Informačné a sieťové technológie, Manažment, Počítačové inžinierstvo
Viac info tu: https://www.fri.uniza.sk/stranka/ponukane-bakalarske-studijne-programy";;
12;;Študijné programy;D;JO;Aké sú doktorantské študíjne programy?;;;;;Aplikovaná informatika, Manažment, Inteligentné informačné systémy;;
48;;Študijné programy;;JO;O čom je program Informatika?;;;;;O bakalárskych študijných programoch sú informácie na nasledovnom linku: https://www.fri.uniza.sk/stranka/ponukane-bakalarske-studijne-programy;;
49;;Študijné programy;;JO;O čom je program Manažment?;;;;;O bakalárskych študijných programoch sú informácie na nasledovnom linku: https://www.fri.uniza.sk/stranka/ponukane-bakalarske-studijne-programy;;
50;;Študijné programy;;JO;O čom je program Počítačové Inžinierstvo?;;;;;O bakalárskych študijných programoch sú informácie na nasledovnom linku: https://www.fri.uniza.sk/stranka/ponukane-bakalarske-studijne-programy;;
51;;Študijné programy;;JO;O čom je program Biomedicínske inžinierstvo?;;;;;https://youtu.be/DuV7m2yiCdU;;
52;;Študijné programy;;JO;O čom je program Inteligentné informačné systémy?;;;;;https://youtu.be/zim6Sf3Rqjc;;
56;;Študijné programy;;JO;O čom je program Informačné systémy?;;;;;"Informačné systémy - zameranie spracovanie dát:
https://youtu.be/iHhVYllG3j4
Informačné systémy - zameranie grafické spracovanie dát:
https://youtu.be/eN-xqn6fRVs
Informačné systémy - zameranie podniková informatika:
https://youtu.be/JW_oMOWygV8";;
57;;Študijné programy;;JO;O čom je program Informačný manažment?;;;;;https://youtu.be/XbBZVT16bG0;;
58;;Študijné programy;;JO;O čom je program Aplikované sieťové inžinierstvo.;;;;;https://youtu.be/_NctdDb3vK4;;
294;;Študijné programy;;JK;Kde nájdem nejaké presnejšie informácie k študijným programom na FRI?;;;;;https://www.fri.uniza.sk/ -> Uchádzači -> Ponúkané študijné programy;;
394;;Študijné programy;;AP;Aké študijné programy sú na FRI?;;;;;"Bakalárske štúdium:
Informatika, Informatika a riadenie, Informačné a sieťové technológie, Manažment, Počítačové inžinierstvo
Viac info tu: https://www.fri.uniza.sk/stranka/ponukane-bakalarske-studijne-programy
Inžinierske štúdium:
Informačné systémy, Inteligentné informačné systémy, Biomedicínska informatika, Aplikované sieťové inžinierstvo, Informačný manažment, Počítačové inžinierstvo
Viac info tu:  https://www.fri.uniza.sk/stranka/ponukane-inzinierske-studijne-programy
Doktorandské štúdium:
Aplikovaná informatika, Manažment, Inteligentné informačné systémy";;
81;;Študijný referát;;JO, AP;Aké sú úradné hodiny študíjneho referátu?;Do ktorej sú na študijnom referáte?;;;;"Úradné hodiny počas letných prázdnin (1.7. až 31.8.)
Pondelok až štvrtok 7:30 - 11:00 Pondelok	7:30 - 13:00 - počas vyučovania ZS+LS do 14:00 
Utorok	7:30 - 13:00
Streda	7:30 - 13:00
Štvrtok	7:30 - 13:00
Piatok	7:30 - 10:00";;
82;;Študijný referát;;JO, AP;Aký je email na študíjny referát?;;;;; studref@fri.uniza.sk, renata.novakova@fri.uniza.sk alebo maria.sicova@fri.uniza.sk;;
94;;Študijný referát;;JO;Ake je telefonné číslo na študíjny referát?;;;;;;;
18;;Štúdium;BID;JO;Kde je možné získať potvrtednie o štúdiu na vysokej škole?;;;;;;;
67;;Štúdium;BID;JO;Aké je hodnotenie študentov?;;;;;Hodnotenie známkou sa uskutočňuje podľa klasifikačnej stupnice, ktorú tvorí šesť klasifikačných stupňov: A (93-100), B(85-92), C(77-84), D(69-76), E(61-68), FX(<61);;
83;;Štúdium;;JO, JK;Ako je možné prerušiť štúdium?;Ak potrebujem dočasne prerušiť štúdium ako mám postupovať?;;;;;;
84;;Štúdium;;JO;Ako je možné ukončiť štúdium?;;;;;;;
197;;Štúdium;;JK;Je možné zmeniť typ štúdia z prezenčného na externé a zároveň pokračovať v štúdiu?;;;;;;;
219;;Štúdium;;JK;Je možné zmeniť štúdijnú skupinu?;;;;;;;
248;;Štúdium;;JK;Dá sa zmeniť fakulta počas semestra?;;;;;;;
395;;Štúdium;;AP;Ako postupovať pri zanechaní štúdia?;;;;;;;
401;;Štúdium;;AP;Kde zistím svoje študijné vysledky?;;;;;;;
419;;Štúdium;;AP;Aká je dĺžka štúdia na bakalárkom štúdiu?;;;;;;;
420;;Štúdium;;AP;Aká je dĺžka štúdia na inžinierskom štúdiu?;;;;;;;
421;;Štúdium;;AP;Aká je dĺžka štúdia na doktorandskom štúdiu?;;;;;;;
426;;Štúdium;;AP;Je možné študovať externe?;;;;;;;
427;;Štúdium;;AP;Do kedy môžem podať prihlášku?;;;;;;;
429;;Štúdium;;AP;Prečo študovať na FRI?;;;;;;;
435;;Štúdium;;AP;Ako môžem prestupiť na FRI?;;;;;;;
437;;Štúdium;;AP;Aký študijný odbor môžem študovať externe?;;;;;;;
439;;Štúdium;;AP;Koľko ľudí bude prijatých?;;;;;;;
440;;Štúdium;;AP;Ako podať prihlášku?;;;;;;;
85;;Všeobecné;;JO;Ahoj.;;;;;;;
86;;Všeobecné;;JO;Ako sa máš?;;;;;;;
87;;Všeobecné;;JO;Ako sa voláš?;;;;;;;
88;;Všeobecné;;JO;Kto ťa naprogramoval?;;;;;;;
89;;Všeobecné;;JO;V akom programovacom jazyku si naprogramovaný?;;;;;;;
90;;Všeobecné;;JO;Na čo slúžiš?;;;;;;;
91;;Všeobecné;;JO;Kto je tvoj autor?;;;;;;;
97;;Vyučujúci;;JO;Aké telefónne číslo má ...;;;;;;;
31;;Zápis;;JK;Kedy je zápis do prvého ročníka?;;;;;;;
32;;Zápis;B;JO;Kedy je zápis do prvého ročníka bakalárskeho štúdia?;;;;;;;
33;;Zápis;B;JO;Kedy je zápis do druhého ročníka bakalárskeho štúdia?;;;;;;;
34;;Zápis;B;JO;Kedy je zápis do tretieho ročníka bakalárskeho štúdia?;;;;;;;
35;;Zápis;I;JO;Kedy je zápis do prvého ročníka inžinierského štúdia?;;;;;;;
36;;Zápis;I;JO;Kedy je zápis do druhého ročníka inžinierského štúdia?;;;;;;;
178;;Zápis;;JK;Kedy bude prebiehať zapisovanie predmetov?;;;;;;;
266;;Zápis;;JK;Nestihol som sa zapísať do ročníka x, je možnosť spraviť to dodatočne?;;;;;;;
41;;Záverečná práca;B;JO;Kedy sa odovzdávajú bakalárske práce?;;;;;;;
42;;Záverečná práca;I;JO;Kedy sa odovzdávajú diplomové práce?;;;;;;;
45;;Záverečná práca;B;JO;Kedy sa obhajujú bakalárske práce?;;;;;;;
46;;Záverečná práca;I;JO;Kedy sa obhajujú diplomové práce?;;;;;;;
47;;Záverečná práca;D;JO;Kedy sa obhajujú dizertačné práce?;;;;;;;
101;;Záverečná práca;;JO, JK;Kde je možné dať tlačiť bakalársku prácu?;Kde môžem vytlačiť svoju bakalársku prácu?;;;;;;
102;;Záverečná práca;;JO, JK;Kde je možné dať tlačiť diplomovú prácu?;Kde môžem vytlačiť svoju diplomovú prácu?;;;;;;
103;;Záverečná práca;;JO, JK;Kde je možné dať tlačiť dizertačnú prácu?;Kde môžem vytlačiť svoju dizertačnú prácu?;;;;;;
134;;Záverečná práca;;JO;Je nutné zverejňovať zdrojové kódy pri bakalárskej práci?;;;;;;;
135;;Záverečná práca;;JO;Je nutné zverejňovať zdrojové kódy pri diplomovej práci?;;;;;;;
136;;Záverečná práca;;JO;Je nutné zverejňovať zdrojové kódy pri dizertačnej práci?;;;;;;;
182;;Záverečná práca;;JK;Kde nájdem systém pre prihlasovanie diplomových a balakárskych prác? ;;;;;;;
183;;Záverečná práca;;JK;Kde a ako sa nahlasujú záverečné práce? ;;;;;;;
184;;Záverečná práca;;JK;Ako môžem požiadať o predĺženie termínu odovzdania záverečnej práce?;;;;;;;
196;;Záverečná práca;;JK;Kde môžem odovzdať diplomovú/bakalársku prácu na kontrolu orignality?;;;;;;;
254;;Záverečná práca;;JK;Keď som na externom štúdiu, ako funguje obhajoba záverečnej práce?;;;;;;;
269;;Záverečná práca;;JK;Počas vypracovánia bakalárskej práce som zistil že túto prácu už nechcem je možné ju zmeniť?;;;;;;;
270;;Záverečná práca;;JK;Počas vypracovánia bakalárskej práce som zistil že nechcem prácu vypracovávať pod daným školiteľom, je možná zmena školiteľa?;;;;;;;
271;;Záverečná práca;;JK;Nestihol som si vybrať bakalársku prácu do daného termínu, je možné to spraviť dodatočne?;;;;;;;
272;;Záverečná práca;;JK;Počas vypracovánia diplomovej práce som zistil že túto prácu už nechcem je možné ju zmeniť?;;;;;;;
273;;Záverečná práca;;JK;Počas vypracovánia diplomovej práce som zistil že nechcem prácu vypracovávať pod daným školiteľom, je možná zmena školiteľa?;;;;;;;
274;;Záverečná práca;;JK;Nestihol som si vybrať diplomovú prácu do daného termínu, je možné to spraviť dodatočne?;;;;;;;
300;;Záverečná práca;;JK;Je nejaké tlačivo pre odloženie bakalárskej práce?;;;;;;;
301;;Záverečná práca;;JK;Je nejaké tlačivo pre odloženie diplomovej práce?;;;;;;;
302;;Záverečná práca;;JK;Zamietli mi žiadosť o odloženie bakalárskej práce, je možné sa odvolať?;;;;;;;
303;;Záverečná práca;;JK;Zamietli mi žiadosť o odloženie diplomovej práce, je možné sa odvolať?;;;;;;;
353;;Záverečná práca;;JK;Ak mám výdavky pri bakalárskej práci, za akých podmienok je možnosť hradenia týchto nákladov univerzitou?;;;;;;;
354;;Záverečná práca;;JK;Ak mám výdavky pri diplomovej práci, za akých podmienok je možnosť hradenia týchto nakladov univerzitou?;;;;;;;
355;;Záverečná práca;;JK;Ak mám výdavky pri dizertačnej práci, za akých podmienok je možnosť hradenia týchto nakladov univerzitou?;;;;;;;
37;;;;JK;Je imatrikulácia povinná?;;;;;;;
38;;;;JO;Kedy je imatrikulácia prijatých študentov?;;;;;;;
106;;CISCO;;JO;Čo je to Cisco Networking Academy?;;;;;;;
107;;CISCO;;JO;Je možné na FRI získať CCNA Routing and Switching certifikát?;;;;;;;
108;;CISCO;;JO;Je možné na FRI získlať CCNP certifikát?;;;;;;;
109;;CISCO;;JO;Je možné na FRI získať CCNA Security certifikát?;;;;;;;
110;;Prihl.údaje;;JO;Kde nájdem prihlasovacie údaje do systému vzdelávania?;;;;;;;
111;;IKlub;;JO;Kde nájdem prihlasovacie údaje na WiFi sieť?;;;;;;;
114;;Zdravie;;JO;Kde nájdem univerzitného všeobecného lekára?;;;;;;;
115;;Zdravie;;JO;Kde nájdem univerzitného zubára?;;;;;;;
116;;Zdravie;;JO;Kde nájdem centrum psychologickej pomoci?;;;;;;;
117;;Zdravie;;JO;Má FRI centrum psychologickej pomoci?;;;;;;;
118;;Zdravie;;JO;Má FRI univerzitného lekára?;;;;;;;
119;;Zdravie;;JO;Má FRI univerzitného zubára?;;;;;;;
120;;Zdravie;;JO;Má FRI univerzitného stomatológa?;;;;;;;
121;;Všeobecné;;JO;Je možné pripojiť si vlastný notebook?;;;;;;;
125;;;;JO;Kde je možné dobiť si e-many?;;;;;;;
137;;;;JO;Je možné použíť kódy zdieľané od iných študentov?;;;;;;;
138;;;;JO;Je možné použiť kódy voľne dostupné na internete?;;;;;;;
142;;Mimoškolné;;JO;Aké študentské organizácie je možné nájsť na UNIZA?;;;;;;;
143;;Mimoškolné;;JO;Aké študentské organizácie je možné nájsť na FRI?;;;;;;;
160;;Senát;;JO;Má FRI študentský senát?;;;;;;;
161;;Senát;;JO;Aký sú členovia študentského senátu FRI? ;;;;;;;
177;;Prihl.údaje;;JK;Ako sa prihlásim do školských PC?;;;;;;;
180;;Internet;;JK;Je k dispozícii bezplatná WIFI v priestoroch FRI? ;;;;;;;
181;;Prihl.údaje;;JK;Kde nájdem prihlasovacie údaje do vzdelávania?;;;;;;;
188;;Všeobecné;;JK;Je niekde nejaký všeobecný sprievodca pre FRI, ktorý by bol aktualizovaný?;;;;;;;
198;;Tlačenie;;JK;Kde na fakulte si môžem vytlačiť nejaké papiere?;;;;;;;
199;;Štúdium;;JK;Ako prebieha výučba na Sieťarskych predmetoch?;;;;;;;
201;;Prijímačky;;JK;Ako môžem vystaviť elektronickú prihlášku?;;;;;;;
202;;Všeobecné;;JK;Prečo máme dekanské voľno v sobotu?;;;;;;;
205;;Štúdium;;JK;Po úspešnom absolvovaní skúšky stále nemám zapísanú známku na vzdelávaní, čo mám robiť?;;;;;;;
206;;Štúdium;;JK;Mám nesprávnu známku na vzdelávaní, koho mám kontaktovať?;;;;;;;
207;;Štúdium;;JK;Chcem prestúpiť z odoboru informatika na manažment, budem musieť znovu začať štúdium? ;;;;;;;
210;;Senát;;JK;Kedy sú voľby do študentskej rady?;;;;;;;
211;;Štúdium;;JK;Je možnosť preskúšania aj niekym iným ako jediným skúšajúcim?;;;;;;;
212;;Senát;;JK;Ako môžem kandidovať do študenstkej rady?;;;;;;;
213;;Mimoškolné;;JK;Ako sa viem dostať do FRI klubu?;;;;;;;
214;;Prihl.údaje;;JK;Na teams mám rovnaké prihlasovacie údaje ako na vzdelávani?;;;;;;;
216;;Štúdium;;JK;Kedy sa preberajú diplomy?;;;;;;;
217;;Mimoškolné;;JK;Sú na fakulte aj nejaké projekty, pre vývoj nových vecí, do ktorých by sa mohli zapojiť aj študenti?;;;;;;;
218;;Mimoškolné;;JK;Je možnosť sa zapojiť aj do zahraničných projektov/spluprác?;;;;;;;
220;;Štúdium;;JK;Koľko termínov na skúšku je?;;;;;;;
221;;Štúdium;;JK;Ak som nespravil 3tí pokus je možné urobiť výnimku a požiadať o dodatočný pokus?;;;;;;;
222;;Zdravie;;JK;Má univerzita svojho vlastného lekára?;;;;;;;
223;;Zdravie;;JK;Kde nájdem psychologickú poradňu?;;;;;;;
224;;Štúdium;;JK;Kde sa nachádza univerzitná knižnica?;;;;;;;
230;;Granty;;JK;Kde sú vypísané tendre, prípadne granty na ktoré by som mohol vypísať projekt?;;;;;;;
231;;Štúdium;;JK;Som študent so špecifickými potrebami, zatrešuje vaša fakulta štúdium aj pre takýchto ľudí?;;;;;;;
232;;Štúdijný referát;;JK;Aké sú pracovné hodiny štúdijného oddelenia?;;;;;;;
233;;Softvér;;JK;Sú na fakulte voľne dostupné softvéry?;;;;;;;
234;;Softvér;;JK;Neviem sa dopracovať ku kľúčom pre Windows 10, vedeli by ste mi poskytnúť link? ;;;;;;;
235;;Štúdium;;JK;Je nutné dodržovať dresscode na fakulte?;;;;;;;
236;;Štúdijný referát;;JK;Dá sa aj dovolať na štúdijné oddelenie?;;;;;;;
237;;Štúdium;;JK;Kedy mám očakávať vyjadrenie dekana o prijatí alebo neprijatí na školu?;;;;;;;
238;;Práca;;JK;Sú na fakulte nejaké voľné miesta pre učiteľov?;;;;;;;
239;;Všeobecné;;JK;Sú nutné prezuvky do miestností s PC zariadeniami?;;;;;;;
240;;Štúdium;;JK;Je možnosť si nosiť aj vlastné PC?;;;;;;;
241;;Všeobecné;;JK;Sú vrámci chodieb dostupné zásuvky pre nabíjanie?;;;;;;;
242;;Všeobecné;;JK;Nachádza sa na FRI nejaký kryt? Protiatómový;;;;;;;
243;;Štúdium;;JK;Keď neurobím skúšku v zimnom semestri, je možné ju urobiť v letnom?;;;;;;;
244;;Všeobecné;;JK;Kde nájdem fakultný kalendár podľa ktorého by som vedel termíny?;;;;;;;
245;;Všeobecné;;JK;Kde môžem posielať návrhy na vylepšenie?;;;;;;;
247;;Všeobecné;;JK;Dá sa niekde kúpiť oblečenie s FRI kontextom?;;;;;;;
249;;Všeobecné;;JK;Je možné poslať potvrdenie pre daňový bonus?;;;;;;;
250;;Štúdium;;JK;Je možnosť výučby predmetov aj v angličtine? prípadne v inom jazyku?;;;;;;;
251;;Štúdium;;JK;Je možné chodiť na FRI aj ked niesom očkovaný proti COVID 19?;;;;;;;
253;;Restricted;;JK;Môžem s vyučujúcim nadviazať citový vzťah?;;;;;;;
255;;Štúdium;;JK;Môžem požiadať o online preskúšanie v prípade, že sa nemôžem dostaviť?;;;;;;;
257;;Senát;;JK;Má FRI študentský senát?;;;;;;;
260;;Štúdium;;JK;Je možné študovať na FRI aj keď mám iba výučný list?;;;;;;;
261;;Štúdium;;JK;Dá sa presmerovať študentský email na iný email?;;;;;;;
262;;Štúdium;;JK;V prípade, že študujem už inú fakultu musím si platiť štúdium?;;;;;;;
264;;Všeobecné;;JK;Potreboval by som potvrdenie o návšteve školy, kde ho nájdem?;;;;;;;
265;;Všeobecné;;JK;Potreboval by som potvrdenie na rodinné prídavky, kde ho nájdem?;;;;;;;
267;;Štúdium;;JK;Dá sa zapísať do vyššieho ročníka aj s nedostatočným počtom kreditov s tým že by som si ich dorobil v tom vyššom ročníku? ;;;;;;;
268;;Štúdium;;JK;Nestihol som uzatvoriť ročník, bolo by to možné spraviť dodatočne? ;;;;;;;
279;;Štúdium;;JK;Vyučujúci mi stále nezapísal známku do vzdelávania a na moje správy neodpovedá ako mám postupovať?;;;;;;;
281;;Všeobecné;;JK;Som opakujúci študent, chcel by som sa informovať o možnostiach úľav na školnom?;;;;;;;
282;;Štúdium;;JK;Chcel by som zanechať štúdium, ako postupovať a kde nájdem tlačivo?;;;;;;;
283;;Štúdium;;JK;Ak som opakujúci študent a 2x som nespravil rovnaký predmet, ale chcem pokračovať musím si podávať novú prihlášku?;;;;;;;
284;;Štúdium;;JK;Som opakujúci študent a 2x som nespravil rovnaký predmet a idem cez novú prihlášku, musím chodiť za učiteľmi aby mi pouznávali z absolvovaných predmetov?;;;;;;;
285;;Štúdium;;JK;Chcel by som ísť na doktorantské štúdium, aké benefity táto fakulta ponúka pre doktrantov?;;;;;;;
286;;Mimoškolné;;JK;Nachádzajú sa na FRI aj nejaké voľnočasové / spoločenské priestory?;;;;;;;
288;;Restricted;;JK;Mám pocit že skúšajúci je voči mne zaujatý, je možnosť zmeniť skúšajúceho prípadne mať niekoho ďalšieho na dozore?;;;;;;;
289;;Všeobecné;;JK;Chcel by som si rezervovať aulu / miestnosť na svoju vlasnú prezenáciu je tu taká možnosť?;;;;;;;
290;;Štúdium;;JK;Podávam si prihlášku k vám na fakukltu, je nutné posielať vytlačenú kópiu alebo stačí elektronická prihláška?;;;;;;;
293;;Všeobecné;;JK;Viem si niekde pozrieť aké úspechy dosiahli študenti fri po doštudovaní v praxi?;;;;;;;
295;;Prihl.údaje;;JK;Aké sú prihlasovacie údaje do uniza mailu?;;;;;;;
296;;Prihl.údaje;;JK;Aké sú prihlasovacie údaje na FRI stránku?;;;;;;;
297;;Prihl.údaje;;JK;Aké sú prihlasovacie údaje na wifi na FRI? ;;;;;;;
304;;Všeobecné;;JK;Vyhral som na FRI akcii cenu, kde si ju môžem prebrať?;;;;;;;
315;;Prihl.údaje;;JK;Nefunguje mi Teams konto, koho mám kontaktovať ohľadom informácií? ;;;;;;;
316;;Softvér;;JK;Nefunguje mi office balík, ako ho viem aktivovať?;;;;;;;
317;;Štúdium;;JK;Koho mám kontaktovať ak mi kryjú predmety?;;;;;;;
318;;Štúdium;;JK;Čo mám robiť ak sa mi kryjú predmety a som na inžinierskom štúdiu a sme jedna skupina teda sa nemám kde preložiť?;;;;;;;
319;;Štúdium;;JK;Dokedy si môžem odpísať predmet bez toho aby som dostal FX?;;;;;;;
320;;Všeobecné;;JK;Z elektrickej zástrčky na FRI chill zone mi prebil výboj a poškodilo mi nabíjačku a notebook, je nejaká možnosť kompenzácie?;;;;;;;
321;;Všeobecné;;JK;Vo FRI chill zone som poškodil tulivak, kde ho môžem preplatiť?;;;;;;;
322;;Všeobecné;;JK;Nejde online stream na vtáčiu búdku.;;;;;;;
323;;Softvér;;JK;Nejdú mi stiahnuť prednášky, ktoré boli nahrávané. Viete mi poslať externý link?;;;;;;;
324;;Štúdium;;JK;Zhorel mi počitač. Ako mám absolvovať skúšku?;;;;;;;
325;;Všeobecné;;JK;Aké sú ponuky práce na univerzite?;;;;;;;
327;;Mimoškolné;;JK;Chcem sa zamestnať, prípadne pomôcť na výskumnom centre. Aké musím mať predispozície?;;;;;;;
328;;Všeobecné;;JK;Akým spôsobom sa môže pričiniť firma pri výskume?;;;;;;;
329;;Všeobecné;;JK;Čo je potrebné pre nadviazania parnterstva našej firmy z vašou fakultou?;;;;;;;
330;;Všeobecné;;JK;Ako môžeme nadviazať partnerstvo z vašou školou?;;;;;;;
331;;Granty;;JK;Kde môžeme nájsť vypísané projekty na granty na vašej škole?;;;;;;;
332;;Mimoškolné;;JK;Aké študentské organizácie sú vrámci univerzity?;;;;;;;
344;;Štúdium;;JK;Aké sú podmienky pre absolvovanie doktorantského štúdia?;;;;;;;
345;;Štúdium;;JK;Koľko článkov musí byť zverejnených počas doktorantského štúdia?;;;;;;;
346;;Štúdium;;JK;Kedy je možné absolvovať minimové skúšky v rámci doktorantského štúdia?;;;;;;;
347;;Štúdium;;JK;Ako je možné sa prihlásiť na docentúru?;;;;;;;
348;;Štúdium;;JK;Ako je možné sa prihlásiť na profesúru?;;;;;;;
349;;Štúdium;;JK;Čo je potrebné absolvovať pre ukončenie profesúry?;;;;;;;
350;;Štúdium;;JK;Čo je potrebné absolvovať pre ukončenie docentúry?;;;;;;;
351;;Všeobecné;;JK;Kde je možné nájsť výpis výdavkov unizverzity?;;;;;;;
352;;Všeobecné;;JK;Ako sa firma môže zapojiť do verejného obstarávania?;;;;;;;
356;;Štúdium;;JK;Aké publikácie je potrebné si zakúpiť pre absolvovanie prvého ročníka?;;;;;;;
357;;Všeobecné;;JK;Môže sa zamestnať na univerzite aj človek bez akademického titulu?;;;;;;;
358;;Všeobecné;;JK;Môže sa zamestnať na univerzite aj človek bez maturity?;;;;;;;
360;;O škole;B, I, D;AP;Ako sa dostanem na FRI autom?;;;;;;;
361;;O škole;B, I, D;AP;Ako sa dostanem na FRI autobusom?;;;;;;;
362;;O škole;B, I, D;AP;Ako sa dostanem na FRI kolobežkou?;;;;;;;
363;;O škole;B, I, D;AP;Ako sa dostanem na FRI na bicykli?;;;;;;;
364;;O škole;B, I, D;AP;Ako sa dostanem na FRI peši?;;;;;;;
365;;O škole;B, I, D;AP;Ako sa dostanem na FRI mestskou dopravou?;;;;;;;
366;;O škole;B, I, D;AP;Ako sa dostanem na FRI?;;;;;;;
367;;Prax;B, I, D;AP;Ako si môžem dať uznať prax?;;;;;;;
368;;Štúdium;;AP;Kedy je nutné mať uzavretý ročník?;;;;;;;
396;;Prihl.údaje;;AP;Čo mám robiť, keď som zabudol heslo?;;;;;;;
397;;Prihl.údaje;;AP;Ako zistím svoje osobné číslo?;;;;;;;
398;;Štúdium;;AP;Ako zistím svoju študijnú skupinu?;;;;;;;
402;;Štúdium;;AP;Kde nájdem body za testy?;;;;;;;
407;;Všeobecné;B;AP;Kto je garantom v študijnom programe informatika?;;;;;;;
408;;Všeobecné;B;AP;Kto je garantom v študijnom programe manažment?;;;;;;;
409;;Všeobecné;B, I;AP;Kto je garantom v študijnom programe počítačové inžinierstvo?;;;;;;;
410;;Všeobecné;I;AP;Kto je garantom v študijnom programe informačné systémy?;;;;;;;
411;;Všeobecné;I;AP;Kto je garantom v študijnom programe informačný manažment?;;;;;;;
412;;Všeobecné;I, D;AP;Kto je garantom v študijnom programe inteligentné informačné systémy?;;;;;;;
413;;Všeobecné;I;AP;Kto je garantom v študijnom programe aplikované sieťové inžinierstvo?;;;;;;;
414;;Všeobecné;D;AP;Kto je garantom v študijnom programe aplikovaná informatika?;;;;;;;
415;;Všeobecné;D;AP;Kto je garantom v študijnom programe manažment?;;;;;;;
416;;Všeobecné;;AP;Kto je študijný poradca?;;;;;;;
423;;Internet;;AP;Ako sa pripojím na škoslkú wifi?;;;;;;;
425;;Štúdium;;AP;Kde si môžem započičať knihy?;;;;;;;
434;;Práca;;AP;Koľko budem zarábať po ukončení školy?;;;;;;;
436;;O škole;;AP;Aké iné fakulty sú na UNIZA?;;;;;;;
443;;Práca;;AP;Kde sa môžem po štúdiu zamestnať?;;;;;;;
;;Erazmus;;JM;Kto si môže požiadať o erasmus?;;;;;Odpoveď nájdete na linku = https://www.fri.uniza.sk/stranka/vseobecne-infomacie;;
;;Erazmus;;JM;Potrebujem vedieť aj iný jazyk ako anglicky ak chcem ísť na erasmus?;;;;;Odpoveď nájdete na linku = https://www.fri.uniza.sk/stranka/vseobecne-infomacie;;
;;Erazmus;;JM;Ak som študent 3. ročníka bc. Štúdia môžem ísť na Erasmus+ cez letné prazniny?;;;;;Odpoveď nájdete na linku = https://www.fri.uniza.sk/stranka/vseobecne-infomacie;;
;;Erazmus;;JM;Uznajú mi predmety počas erasmu?;;;;;Odpoveď nájdete na linku = https://www.fri.uniza.sk/stranka/vseobecne-infomacie;;
;;Erazmus;;JM;Aka je výška grantu na erasmus?;;;;;Odpoveď nájdete na linku = https://www.fri.uniza.sk/stranka/vseobecne-infomacie;;
;;Erazmus;;JM;Aká je maximalná dĺžka erasmu?;;;;;Odpoveď nájdete na linku = https://www.fri.uniza.sk/stranka/vseobecne-infomacie;;
;;Erazmus;;JM;Kde nájdem prihlášku na erasmus+?;;;;;Odpoveď nájdete na linku = https://www.fri.uniza.sk/stranka/vseobecne-infomacie;;
;;Erazmus;;JM;Čo potrebujem okrem prihlášky na erasmus?;;;;;Odpoveď nájdete na linku = https://www.fri.uniza.sk/stranka/vseobecne-infomacie;;
;;Erazmus;;JM;Aký je odporúčaný počet kreditov za semester počas erasmu?;;;;;Odpoveď nájdete na linku = https://www.fri.uniza.sk/stranka/vseobecne-infomacie;;
;;Erazmus;;JM;Kedy mám ísť za vyučujúcim ak chcem uznať predmet počas erasmu?;;;;;Odpoveď nájdete na linku = https://www.fri.uniza.sk/stranka/vseobecne-infomacie;;
;;Erazmus;;JM;Čo musím doniest vyučujúcemu ak chcem uznať predmet počas erasmu?;;;;;Odpoveď nájdete na linku = https://www.fri.uniza.sk/stranka/vseobecne-infomacie;;
;;Erazmus;;JM;Kde nájdem žiadosť o uznanie predmetov počas erasmu?;;;;;Odpoveď nájdete na linku = https://www.fri.uniza.sk/stranka/vseobecne-infomacie;;
;;Erazmus;;JM;Kde všade môžem ísť na erasmus?;;;;;Odpoveď nájdete na linku = https://www.fri.uniza.sk/stranka/vseobecne-infomacie;;
;;Erazmus;;JM;Kde nájdem informácie o partnerských školách na erasmus?;;;;;Odpoveď nájdete na linku = https://www.fri.uniza.sk/stranka/vseobecne-infomacie;;
;;Akademický rok;;JM;Kedy začína akademický rok?;;;;;Odpoveď nájdete na linku = https://www.fri.uniza.sk/calendar?section=E&year=2021;;
;;Akademický rok;;JM;Kedy je zápis do 1. ročníka bakalárskeho štúdia?;;;;;Odpoveď nájdete na linku = https://www.fri.uniza.sk/calendar?section=E&year=2021;;
;;Akademický rok;;JM;Kedy je zápis do 2. ročníka bakalárskeho štúdia?;;;;;Odpoveď nájdete na linku = https://www.fri.uniza.sk/calendar?section=E&year=2021;;
;;Akademický rok;;JM;Kedy je zápis do 3. ročníka bakalárskeho štúdia?;;;;;Odpoveď nájdete na linku = https://www.fri.uniza.sk/calendar?section=E&year=2021;;
;;Akademický rok;;JM;Kedy je zápis do 1. ročníka inžinierského štúdia?;;;;;Odpoveď nájdete na linku = https://www.fri.uniza.sk/calendar?section=E&year=2021;;
;;Akademický rok;;JM;Kedy je zápis do 2. ročníka inžinierského štúdia?;;;;;Odpoveď nájdete na linku = https://www.fri.uniza.sk/calendar?section=E&year=2021;;
;;Akademický rok;;JM;Kedy je zápis do 1. ročníka doktoranského štúdia?;;;;;Odpoveď nájdete na linku = https://www.fri.uniza.sk/calendar?section=E&year=2021;;
;;Akademický rok;;JM;Kedy je zápis do 2. ročníka bakalárskeho štúdia?;;;;;Odpoveď nájdete na linku = https://www.fri.uniza.sk/calendar?section=E&year=2021;;
;;Akademický rok;;JM;Kedy je zápis externého štúdia?;;;;;Odpoveď nájdete na linku = https://www.fri.uniza.sk/calendar?section=E&year=2021;;
;;Akademický rok;;JM;Kedy je začiatok vyučovania v zimnom semestri?;;;;;Odpoveď nájdete na linku = https://www.fri.uniza.sk/calendar?section=E&year=2021;;
;;Akademický rok;;JM;Dokedy si môžem zaregistrovať zaverečnú prácu v zimnom semestri?;;;;;Odpoveď nájdete na linku = https://www.fri.uniza.sk/calendar?section=E&year=2021;;
;;Akademický rok;;JM;Dokedy si môžem podať prihlášku na štátnu skúšku v zimnom semestri?;;;;;Odpoveď nájdete na linku = https://www.fri.uniza.sk/calendar?section=E&year=2021;;
;;Akademický rok;;JM;Kedy sa končí vyučovanie v zimnom semestry?;;;;;Odpoveď nájdete na linku = https://www.fri.uniza.sk/calendar?section=E&year=2021;;
;;Akademický rok;;JM;Kedy začína skúškové obdobie v zimnom semstry?;;;;;Odpoveď nájdete na linku = https://www.fri.uniza.sk/calendar?section=E&year=2021;;
;;Akademický rok;;JM;Kedy sa konajú štátne skúšky v zimnom semestry?;;;;;Odpoveď nájdete na linku = https://www.fri.uniza.sk/calendar?section=E&year=2021;;
;;Akademický rok;;JM;Kedy končí skúškové obdobie v zimnom semstry?;;;;;Odpoveď nájdete na linku = https://www.fri.uniza.sk/calendar?section=E&year=2021;;
;;Akademický rok;;JM;Kedy začína vyučovanie v letnom semestri?;;;;;Odpoveď nájdete na linku = https://www.fri.uniza.sk/calendar?section=E&year=2021;;
;;Akademický rok;;JM;Dokedy si môžem zaregistrovať zaverečnú prácu v v letnom semestri?;;;;;Odpoveď nájdete na linku = https://www.fri.uniza.sk/calendar?section=E&year=2021;;
;;Akademický rok;;JM;Dokedy si môžem podať prihlášku na štátnu skúšku v v letnom semestri?;;;;;Odpoveď nájdete na linku = https://www.fri.uniza.sk/calendar?section=E&year=2021;;
;;Akademický rok;;JM;Kedy sa končí vyučovanie v v letnom semestri?;;;;;Odpoveď nájdete na linku = https://www.fri.uniza.sk/calendar?section=E&year=2021;;
;;Akademický rok;;JM;Kedy začína skúškové obdobie v v letnom semestri?;;;;;Odpoveď nájdete na linku = https://www.fri.uniza.sk/calendar?section=E&year=2021;;
;;Akademický rok;;JM;Kedy sa konajú štátne skúšky v v letnom semestri?;;;;;Odpoveď nájdete na linku = https://www.fri.uniza.sk/calendar?section=E&year=2021;;
;;Akademický rok;;JM;Kedy končí skúškové obdobie v v letnom semestri?;;;;;Odpoveď nájdete na linku = https://www.fri.uniza.sk/calendar?section=E&year=2021;;
;;Akademický rok;;JM;Posledný termin na podatie prihlášky?;;;;;Odpoveď nájdete na linku = https://www.fri.uniza.sk/calendar?section=E&year=2021;;
;;Akademický rok;;JM;Začiatok výberu voliteľných a povinne voliteľných predmetov?;;;;;Odpoveď nájdete na linku = https://www.fri.uniza.sk/calendar?section=E&year=2021;;
;;Akademický rok;;JM;Koniec výberu voliteľných a povinne voliteľných predmetov?;;;;;Odpoveď nájdete na linku = https://www.fri.uniza.sk/calendar?section=E&year=2021;;
;;Akademický rok;;JM;Dokedy musím odovzdať vedúcemu inžinierskú záverečnú prácu?;;;;;Odpoveď nájdete na linku = https://www.fri.uniza.sk/calendar?section=E&year=2021;;
;;Akademický rok;;JM;Dokedy musím odovzdať inžinierskú prácu celkovo?;;;;;Odpoveď nájdete na linku = https://www.fri.uniza.sk/calendar?section=E&year=2021;;
;;Akademický rok;;JM;Kedy je posledný termin na uzatvorenie bakalárskeho 1. ročníka?;;;;;Odpoveď nájdete na linku = https://www.fri.uniza.sk/calendar?section=E&year=2021;;
;;Akademický rok;;JM;Kedy je posledný termin na uzatvorenie bakalárskeho 2. ročníka?;;;;;Odpoveď nájdete na linku = https://www.fri.uniza.sk/calendar?section=E&year=2021;;
;;Akademický rok;;JM;Kedy je posledný termin na uzatvorenie bakalárskeho 3. ročníka?;;;;;Odpoveď nájdete na linku = https://www.fri.uniza.sk/calendar?section=E&year=2021;;
;;Akademický rok;;JM;Kedy je posledný termin na uzatvorenie inžinierského 1. ročníka?;;;;;Odpoveď nájdete na linku = https://www.fri.uniza.sk/calendar?section=E&year=2021;;
;;Akademický rok;;JM;Kedy je posledný termin na uzatvorenie inžinierského 2. ročníka?;;;;;Odpoveď nájdete na linku = https://www.fri.uniza.sk/calendar?section=E&year=2021;;
;;Akademický rok;;JM;Kedy budú promócie ?;;;;;Odpoveď nájdete na linku = https://www.fri.uniza.sk/calendar?section=E&year=2021;;
;;Akademický rok;;JM;Kedy má FRI výročie?;;;;;Odpoveď nájdete na linku = https://www.fri.uniza.sk/calendar?section=E&year=2021;;
;;Akademický rok;;JM;Kedy je ukončenie akademického roka?;;;;;Odpoveď nájdete na linku = https://www.fri.uniza.sk/calendar?section=E&year=2021;;
;;Štúdium;;JM;Kedy sú imatrikulácie?;;;;;Miesto a dátum pre imatrikulácie 2022/23 nebol zverejnený. Pre aktuálne udalosti sledujte www.fri.uniza.sk;;
;;Štúdium;;JM;Sú povinné imatrikulácie?;;;;;Nie.;;
;;Miestnosť;;JM;Kde sú imatrikulácie?;;;;;Miesto a dátum pre imatrikulácie 2022/23 nebol zverejnený. Pre aktuálne udalosti sledujte www.fri.uniza.sk;;
;;Akademický rok;;JM;Kedy je zápis do ročníka?;;;;;Záleži od ročníka v ktorom sa nachadzate. Obdobie zápisov začína od 1.9.;;
;;Akademický rok;;JM;Je možnosť zápisu online?;;;;;NIe.;;
;;Štúdium;;JM;Aké predmety si musim zapísať?;;;;;Povinné predmety vám budu zapísane automaticky. Ostatné je na vašom rozhodnutí ale odporúčame mať 30 kreditov za semester.;;
;;Miestnosť;;JM;Kde je miestnosť ____?;;;;;Orientačnú mapu nájdete na linku: https://www.fri.uniza.sk/stranka/orientacna-mapa. Po príchode do danej budovy nasledujte značenie.;;
;;Miestnosť;;JM;Kde je budova ___?;;;;;Orientačnú mapu nájdete na linku: https://www.fri.uniza.sk/stranka/orientacna-mapa.;;
;;Štipendium;;JM;Mam prístup k štipendiu?;;;;;Ak ste študentom FRI tak áno.;;
;;Štúdium;;JM;Čo robť pri stráte hesla?;;;;;Resetovať si heslo.;;
;;ISIC;;JM;Kde si možem vybaviť isic?;;;;;Na rektoráte, ale pred tým musíte zaplatiť cez e-many poplatky ak toto nie je váš prvý ISIC.;;
;;Štúdium;;JM;Da sa zmeniť zameranie na začiatku semestra?;;;;;;;
;;Akcie;;JM;Čo je to fričkovica?;;;;;Spoločenská akcia v jesennom obdobý s občerstvením a zaujmavým kolektívom zložený zo spolužiakov profesorov;;
;;Štúdium;;JM;Aké mám povinné predmety?;;;;;Na stránke si môžete navoliť ročník a zameranie a nájdete povinné predmety v daný rok. Link na stránku: https://vzdelavanie.uniza.sk/vzdelavanie/plany.php;;
;;Štúdium;;JM;Aké mám povinné volitelné predmety?;;;;;Na stránke si môžete navoliť ročník a zameranie a nájdete povinné voliteľné predmety v daný rok. Link na stránku: https://vzdelavanie.uniza.sk/vzdelavanie/plany.php;;
;;Štúdium;;JM;Aké mám volitelné predmety?;;;;;Na stránke si môžete navoliť ročník a zameranie a nájdete voliteľné predmety v daný rok. Link na stránku: https://vzdelavanie.uniza.sk/vzdelavanie/plany.php;;
;;Štúdium;;JM;Koľko kreditov potrebujem z povinne voliteľných predmetov v bakalarskom štúdiu?;;;;;Minimálne 15.;;
;;Štúdium;;JM;Koľko kreditov potrebujem z povinne voliteľných predmetov inžinierskom štúdiu?;;;;;Minimálne 10.;;
;;Štúdium;;JM;Koľko kreditov potrebujem z povinne voliteľných predmetov doktoranskom štúdiu?;;;;;;;
;;Štúdium;;JM;Koľko kreditov potrebujem na ukončenie bakalárskeho štúdia?;;;;;Minimálne 180.;;
;;Štúdium;;JM;Koľko kreditov potrebujem na ukončenie inžinierského štúdia?;;;;;Minimálne 120.;;
;;Štúdium;;JM;Koľko kreditov potrebujem na ukončenie doktoranského štúdia?;;;;;;;
;;Štúdium;;JM;Koľko kreditov potrebujem z voliteľných predmetov v bakalarskom štúdiu?;;;;;Minimálne 0.;;
;;Štúdium;;JM;Koľko kreditov potrebujem z voliteľných predmetov inžinierskom štúdiu?;;;;;Minimálne 0.;;
;;Štúdium;;JM;Koľko kreditov potrebujem z voliteľných predmetov doktoranskom štúdiu?;;;;;Minimálne 0.;;
;;Štúdium;;JM;Musím opakovať povinný predmet?;;;;;Áno.;;
;;Štúdium;;JM;Musím opakovať povinne voliteľný predmet?;;;;;Nie.;;
;;Štúdium;;JM;Musím opakovať voliteľný predmet?;;;;;Nie.;;
;;Štúdium;;JM;Koľko krát môžem opakovať predmet?;;;;;Predmet môžete opakovať 1 krát, s povolením dekana 2 krát.;;
;;Štúdium;;JM;Je limit koľko predmetov možem nezvládnuť?;;;;;Nie.;;
;;Štúdium;;JM;Musím mať priemer známok do stanoveného limitu?;;;;;Nie.;;
;;Štúdium;;JM;Aký priemer známok potrebujem na červený diplom?;;;;;;;
;;Štúdium;;JM;Koľko kreditov potrebujem na prejdenie do ďalšieho ročníka?;;;;;Rozpis počtu minimálnych kreditov nájdete na stránke: https://www.fri.uniza.sk/aktuality/informacia-pre-studentov-1-rocnika-bakalarskeho-studia-ku-kreditovemu-systemu-studia.;;
;;Štúdium;;JM;Ako uzavrieť semester?;;;;;;;
;;Parkovanie;;JM;Ako študent musím platiť parkovanie pred fakultou?;;;;;Áno.;;
;;Internát;;JM;Kedy mám nárok na ubytovanie na internátoch?;;;;;Ak ste študentom na Žilinskej univerzite a bývate minimálne 15km od mesta Žilina.;;
;;Internát;;JM;Ako požiadať o ubytovanie na internátoch?;;;;;Cez vzdelávanie si podaté žiadosť.;;
;;Prihláška;;JM;Musím mať prihlášku potvrdenú zo strednej školy?;;;;;Nie.;;
;;Prihláška;;JM;Potrebujem na prihlášku vysvedčenie zo strednej školy?;;;;;Áno z predmaturitného ročníka.;;
;;Prihláška;;JM;Potrebujem na prihlášku vysvedčenie zo základnej školy?;;;;;Nie.;;
;;Prihláška;;JM;Môžem prihlášku odfotiť mobilom namiesto naskenovania?;;;;;Áno. ;;
;;Prihláška;;JM;Potrebujem potvrdenie o zaplatení prihlášky?;;;;;Áno. ;;
;;Prihláška;;JM;Potrebujem na prihlášku maturitné vysvedčenie?;;;;;Áno. ;;
;;Prihláška;;JM;Potrebujem overiť maturitné vysvedčenie notárom?;;;;;Nie.;;
;;Prihláška;;JM;Potrebujem overiť vysvedčenie z predmaturitného ročníka notárom?;;;;;Nie.;;
;;Prihláška;;JM;Čo potrebujem na odpustenie príjmacích skúšok?;;;;;;;
;;ISIC;;JM;Dokedy je tento rok platný ISIC?;;;;;31.8.2022.;;
;;Poplatky;;JM;Aká je výška školného za školský rok?;;;;;550 euro.;;
;;Poplatky;;JM;Aká je výška školného za školský semester?;;;;;Musíte zaplatiť za celý rok. Výška je 550 euro.;;
;;Poplatky;;JM;Koľko rokov nemusím platiť za bakalárske štúdium?;;;;;3;;
;;Poplatky;;JM;Koľko rokov nemusím platiť za inžinierské štúdium?;;;;;2;;
;;Poplatky;;JM;Koľko rokov nemusím platiť za doktoranské štúdium?;;;;;2;;
;;Štipendium;;JM;Aké štipendia môžem dostať?;;;;;;;
;;Štipendium;;JM;Môžem mať štipendium počas bakalárskeho štúdia?;;;;;Áno. ;;
;;Štipendium;;JM;Môžem mať štipendium počas inžinierského štúdia?;;;;;Áno.;;
;;Štipendium;;JM;Môžem mať štipendium počas doktoranského štúdia?;;;;;Áno.;;
;;Štipendium;;JM;Aký priemer potrebujem na štipendium?;;;;;;;
;;Štipendium;;JM;Koľko ľudí dostane štipendium?;;;;;;;
;;Štipendium;;JM;Aká je výška štipendia?;;;;;;;
;;Štipendium;;JM;Kedy budú štipendia vyplatené?;;;;;;;
;;Miestnosť;;JM;Môžem si zarezervovať učebňu?;;;;;Odpoveď nájdete na linku = https://www.fri.uniza.sk/schoolrooms/reservations;;
;;Miestnosť;;JM;Kde môžem vidieť ktoré učebne sú už zarezervované?;;;;;Odpoveď nájdete na linku = https://www.fri.uniza.sk/schoolrooms/reservations;;
;;Miestnosť;;JM;Kde si môžem zarezervovať učebňu?;;;;;Odpoveď nájdete na linku = https://www.fri.uniza.sk/schoolrooms/reservations;;
;;Predmet;;;Prečo si neviem zapísať niektorý predmet. ;;;;;Lebo bol určený pre iný študijný program. ;;
;;Poplatky;;;Kedy budú vyplatené štipendiá?;;;;;;;
;;Štúdium;;;Je možné elektronicky poslať potvrdenie o návšteve školy.;;;;;Áno;;
;;Kredity;;;Budú mi po zmene fakulty rátané kredity z predošlého štúdia?;;;;;Nie, po zmene fakulty treba (až na výnimky) predmety opakovať;;
;;Štúdium;;;Je možnosť zmeniť študijnú skupinu zo skupinu?;;;;;Dá sa vyhovieť, pokiaľ je dodržaná kapacita v skupine 20 študentov.;;
;;Poplatky;;;Ako postupovať pri platení školného pri prekročení štandardnej doby štúdia.;;;;;Na adresu budú formou listu do vlastných rúk poslané informácie študentovi s ďalšími pokynmi. (A aj boli);;
;;Štúdium;;;Môžem poslať potvrdenie o praxi priamo do Teamsu?;;;;;Áno. ;;
;;Predmet;;;Môžem si zapísať predmet, ktorý nebol otvorený pre môj odbor ale pre iný áno.;;;;;Môžem, s písomným súhlasom garanta predmetu.;;
;;Všeobecné;;;Musím sa po bakalárskej štátnej skúške zapísať na úrad práce?;;;;;Netreba nikam chodiť všetko by to malo prebehnúť automaticky ;;
;;Štúdium;;;Môžem tlačivo o praxi poslať aj elektronicky alebo je potrebné zaslať originál poštou?;;;;;Stačí zaslať sken tlačiva na emailovú adresu študijného oddelenie FRI;;
;;Štúdium;;;"Je potrebné poslať scan karty o zanechaní štúdia? 
";;;;;Áno, samozrejme musíte poslať scan karty;;
;;Štúdium;;;Je možné elektronicky poslať potvrdenie o návšteve školy.;;;;;Áno;;
;;Predmet;;;Je možné ma dopísať na predmet aj keď kapacita už je obsadená;;;;;Musíte sledovať či si ho niekto odhlási, kapacita je naplnená;;
;;Poplatky;;;Musím platiť plnú sumu školného v prípade že, mám v medziročníku len bakalársku prácu? ;;;;;Áno. ;;
;;Štúdium;;;Dá sa po polroku prestúpiť na iný študijný odbor?;;;;;áno dá, treba však absolvovať predmety z daného študijného odboru, ktoré študent neabsolvoval;;
;;Predmet;;;Je mozne uznat predmet z inej univerzity z pred 3 rokov?;;;;;Ano;;
;;Kredity;;;Je nejaká povinnosť minimálneho počtu kreditov za daný semester?;;;;;Žiadna hranica kreditov za semester nie je.;;
;;Predmet;;;je možné dať uznať predmety z inej univerzity?;;;;;po súhlase s vyučujúcimi daného predmetu áno;;
;;Poplatky;;;je možné požiadať o úľavu školného?;;;;;áno, ak má študent na to sociálne, prospechové alebo iné dôvody ktoré sú hodné zreteľa, je to možné;;
;;Štúdium;;;je možné požiadať o komisionálne preskúšanie z predmetu?;;;;;áno ak sa nezúčastnil 3. a teda poslednýkrát na skúške z predmetu;;
;;Kredity;;;Koľko kreditov z povinne voliteľných predmetov potrebujem na bakalárske štúdium?;;;;;Pre úspešné ukončenie bakalárskeho štúdia je potrebných minimálne 15 kreditov.;;
;;Kredity;;;Koľko kreditov potrebujem na bakalárske štúdium?;;;;;Potrebujete aspoň 180 kreditov.;;
;;Kredity;;;Koľko kreditov z povinne voliteľných predmetov potrebujem na inžinierske štúdium?;;;;;Je potrebných aspoň 15 kreditov.;;
;;Kredity;;;Koľko potrebujem kreditov pre ukončenie inžinierskeho štúdia? ;;;;;Potrebujete 120 kreditov minimálne.;;
;;Prijímačky;;;Je potrebné prijímacie konanie na inžinierske štúdium ak som študoval na tej istej fakulte na bakalárskom stupni?;;;;;Ak máte urobené predmety, ktoré nájdete na stránke fakulty pre váš odbor, budete prijatý bez prijímacieho konania.;;
;;Prax;;;Koľko hodín musím mať odrobených pre uznanie praxe?;;;;;Musíte mať odrobených aspoň 150 hodín.;;
;;Študijný referát;;;Kedy môžem prísť na študijný referát?;Kedy je otvorený študijný referát?;;;;Študijný referát je otvorený od 7:30 do 13:00.;Študijný referát môžete navštíviť pracovné dni medzi 7:30 a 13:00.;
;;Stravovanie;;;Kedy sú v novej menze raňajky?;;;;;Raňajky sú v čase od 7:00 do 10:00.;;
;;Stravovanie;;;Kedy je novej menze obed?;;;;;Obedy sa podávajú od 10:30 do 14:00.;;
;;Stravovanie;;;Kedy je v novej menze večera?;;;;;Večera je v čase od 15:00 do 18:00 hod.;;
;;Stravovanie;;;Môžem si dať obed na FRI?;;;;;Na FRI je možné jesť len na objednávku deň vopred.;;
;;Poplatky;;;"Koľko stojí školné za medziročník pri prekročení štandardnej
dĺžky štúdia na bakalárskom stupni?";;;;;Školné je 550 eur.;;
;;Poplatky;;;"Koľko stojí školné za medziročník pri prekročení štandardnej
dĺžky štúdia na inžinierskom stupni?";;;;;Suma školného je 550 eur.;;
;;Štúdium;;;Nepodarilo sa mi urobiť predmet na druhý pokus a chcel by som sa informovať ako mám postupovať keď chcem v štúdiu pokračovať.;;;;;Info o prijímačkách nájdete v letáku, sú tam aj podmienky prijatia.;;
;;Akademický rok;;;Kedy začína semester v roku 2021?;;;;;1.9.2021;;
;;Akademický rok;;;Kedy končí semester pre ročník 2021/2022?;;;;;31.8.2022;;
;;Kredity;;;Koľko kreditov je potrebných, aby som opakoval 1 ročník? ;;;;;20;;
;;Kredity;;;Koľko kreditov je potrebných, na zápis do druhého ročníka?;;;;;40;;
;;Štúdium;;;Som prijatý na štúdium ak mi boli odpustené prijímacie skúšky?;;;;;Ak vám bolo odpustené prijímacie skúšky tak ste prijatý.;;
;;Prihl.údaje;;;Nedá sa mi prihlásiť do vzdelávania ani starým osobným číslom, ani novým osobným číslom.;;;;;Napíšte email správcovi systému, na FRI je to roman.hajtmanek@fri.uniza.sk;;
